Source,Destination,Shortest Distance (km),Shortest Path
Delhi,Delhi,0.0,Delhi
Delhi,Ghaziabad,28.24,Delhi -> Ghaziabad
Delhi,Aligarh,126.07,Delhi -> Aligarh
Delhi,Agra,180.84,Delhi -> Agra
Delhi,Patiala,193.01,Delhi -> Patiala
Delhi,Jaipur,231.73,Delhi -> Jaipur
Delhi,Chandigarh,235.22,Delhi -> Chandigarh
Delhi,Gwalior,285.7,Delhi -> Gwalior
Delhi,Jhansi,373.2,Delhi -> Jhansi
Delhi,Bikaner,384.02,Delhi -> Bikaner
Delhi,Kota,397.5,Delhi -> Kota
Delhi,Lucknow,420.66,Delhi -> Lucknow
Delhi,Jodhpur,483.55,Delhi -> Jodhpur
Delhi,Jammu,504.81,Delhi -> Jammu
Delhi,Bhopal,595.25,Delhi -> Bhopal
Delhi,Leh,615.16,Delhi -> Leh
Delhi,Srinagar,644.02,Delhi -> Srinagar
Delhi,Jaisalmer,654.2,Delhi -> Jaisalmer
Delhi,Jabalpur,666.46,Delhi -> Jabalpur
Delhi,Indore,667.34,Delhi -> Indore
Delhi,Varanasi,684.43,Delhi -> Varanasi
Delhi,Gandhinagar,750.62,Delhi -> Gandhinagar
Delhi,Kolapur,762.52,Delhi -> Kolapur
Delhi,Ahmedabad,772.9,Delhi -> Ahmedabad
Delhi,Vadodara,807.14,Delhi -> Vadodara
Delhi,Patna,856.15,Delhi -> Patna
Delhi,Jalgaon,878.11,Delhi -> Jalgaon
Delhi,Raipur,934.16,Delhi -> Raipur
Delhi,Rajkot,948.67,Delhi -> Rajkot
Delhi,Aurangabad,986.85,Delhi -> Aurangabad
Delhi,Ranchi,1002.29,Delhi -> Ranchi
Delhi,Nashik,1014.02,Delhi -> Nashik
Delhi,Nanded,1047.27,Delhi -> Nanded
Delhi,Dwarka,1085.41,Delhi -> Dwarka
Delhi,Jamshedpur,1112.0,Delhi -> Jamshedpur
Delhi,Gangtok,1134.25,Delhi -> Gangtok
Delhi,Mumbai,1160.21,Delhi -> Mumbai
Delhi,Pune,1169.18,Delhi -> Pune
Delhi,Solapur,1209.19,Delhi -> Solapur
Delhi,Hyderabad,1251.6,Delhi -> Hyderabad
Delhi,Cuttack,1261.99,Delhi -> Cuttack
Delhi,Kolkata,1308.14,Delhi -> Kolkata
Delhi,Visakhapatnam,1360.28,Delhi -> Visakhapatnam
Delhi,Guwahati,1466.41,Delhi -> Guwahati
Delhi,Goa,1509.55,Delhi -> Goa
Delhi,Bangalore,1733.12,Delhi -> Bangalore
Delhi,Chennai,1751.33,Delhi -> Chennai
Delhi,Vellore,1763.19,Delhi -> Vellore
Delhi,Madurai,2081.7,Delhi -> Madurai
Delhi,Thiruvananthapuram,2225.49,Delhi -> Thiruvananthapuram
